,gene,rep1,rep2,rep3,consist_num,Final_Cluster
0,B_Gene96,DTW-K1-001-DPGP016,DTW-K1-001-DPGP006,DTW-K1-001-DPGP001,1,
1,B_Gene223,DTW-K1-001-DPGP008,DTW-K1-001-DPGP016,DTW-K1-001-DPGP014,1,
2,B_Gene336,DTW-K1-001-DPGP013,DTW-K1-001-DPGP009,DTW-K1-001-DPGP018,1,
3,A_Gene411,DTW-K1-001-DPGP006,DTW-K1-001-DPGP006,DTW-K1-001-DPGP009,2,DTW-K1-001-DPGP006
4,B_Gene437,DTW-K1-001-DPGP017,DTW-K1-001-DPGP011,DTW-K1-001-DPGP019,1,
5,B_Gene176,DTW-K1-001-DPGP012,DTW-K1-001-DPGP006,DTW-K1-001-DPGP011,1,
6,B_Gene164,DTW-K1-001-DPGP006,DTW-K1-001-DPGP016,DTW-K1-001-DPGP003,1,
7,B_Gene126,DTW-K1-001-DPGP003,DTW-K1-001-DPGP001,DTW-K1-001-DPGP005,1,
8,A_Gene358,DTW-K1-001-DPGP016,DTW-K1-001-DPGP015,DTW-K1-001-DPGP013,1,
9,B_Gene216,DTW-K1-001-DPGP002,DTW-K1-001-DPGP005,DTW-K1-001-DPGP004,1,
10,A_Gene437,DTW-K1-001-DPGP014,DTW-K1-001-DPGP001,DTW-K1-001-DPGP001,2,DTW-K1-001-DPGP001
11,A_Gene105,DTW-K1-001-DPGP001,DTW-K1-001-DPGP001,DTW-K1-001-DPGP001,3,DTW-K1-001-DPGP001
12,B_Gene482,DTW-K1-001-DPGP005,DTW-K1-001-DPGP004,DTW-K1-001-DPGP018,1,
13,B_Gene333,DTW-K1-001-DPGP011,DTW-K1-001-DPGP007,DTW-K1-001-DPGP012,1,
14,A_Gene474,DTW-K1-001-DPGP014,DTW-K1-001-DPGP002,DTW-K1-001-DPGP004,1,
15,B_Gene420,DTW-K1-001-DPGP015,DTW-K1-001-DPGP001,DTW-K1-001-DPGP004,1,
16,A_Gene75,DTW-K1-001-DPGP006,DTW-K1-001-DPGP002,DTW-K1-001-DPGP008,1,
17,B_Gene285,DTW-K1-001-DPGP014,DTW-K1-001-DPGP010,DTW-K1-001-DPGP009,1,
18,B_Gene194,DTW-K1-001-DPGP009,DTW-K1-001-DPGP019,DTW-K1-001-DPGP006,1,
19,A_Gene486,DTW-K1-001-DPGP008,DTW-K1-001-DPGP008,DTW-K1-001-DPGP008,3,DTW-K1-001-DPGP008
20,A_Gene45,DTW-K1-001-DPGP006,DTW-K1-001-DPGP010,DTW-K1-001-DPGP010,2,DTW-K1-001-DPGP010
21,A_Gene10,DTW-K1-001-DPGP001,DTW-K1-001-DPGP001,DTW-K1-001-DPGP006,2,DTW-K1-001-DPGP001
22,A_Gene148,DTW-K1-001-DPGP010,DTW-K1-001-DPGP008,DTW-K1-001-DPGP003,1,
23,B_Gene258,DTW-K1-001-DPGP016,DTW-K1-001-DPGP014,DTW-K1-001-DPGP001,1,
24,A_Gene471,DTW-K1-001-DPGP006,DTW-K1-001-DPGP007,DTW-K1-001-DPGP006,2,DTW-K1-001-DPGP006
25,A_Gene12,DTW-K1-001-DPGP006,DTW-K1-001-DPGP015,DTW-K1-001-DPGP008,1,
26,B_Gene287,DTW-K1-001-DPGP012,DTW-K1-001-DPGP002,DTW-K1-001-DPGP006,1,
27,A_Gene251,DTW-K1-001-DPGP009,DTW-K1-001-DPGP010,DTW-K1-001-DPGP006,1,
28,B_Gene410,DTW-K1-001-DPGP015,DTW-K1-001-DPGP006,DTW-K1-001-DPGP015,2,DTW-K1-001-DPGP015
29,B_Gene121,DTW-K1-001-DPGP004,DTW-K1-001-DPGP011,DTW-K1-001-DPGP006,1,
30,A_Gene399,DTW-K1-001-DPGP006,DTW-K1-001-DPGP002,DTW-K1-001-DPGP010,1,
31,A_Gene297,DTW-K1-001-DPGP006,DTW-K1-001-DPGP009,DTW-K1-001-DPGP006,2,DTW-K1-001-DPGP006
32,A_Gene27,DTW-K1-001-DPGP006,DTW-K1-001-DPGP019,DTW-K1-001-DPGP001,1,
33,A_Gene223,DTW-K1-001-DPGP007,DTW-K1-001-DPGP014,DTW-K1-001-DPGP003,1,
34,B_Gene144,DTW-K1-001-DPGP013,DTW-K1-001-DPGP007,DTW-K1-001-DPGP008,1,
35,B_Gene62,DTW-K1-001-DPGP014,DTW-K1-001-DPGP011,DTW-K1-001-DPGP014,2,DTW-K1-001-DPGP014
36,A_Gene86,DTW-K1-001-DPGP009,DTW-K1-001-DPGP006,DTW-K1-001-DPGP012,1,
37,A_Gene57,DTW-K1-001-DPGP019,DTW-K1-001-DPGP002,DTW-K1-001-DPGP015,1,
38,B_Gene466,DTW-K1-001-DPGP010,DTW-K1-001-DPGP011,DTW-K1-001-DPGP010,2,DTW-K1-001-DPGP010
39,A_Gene366,DTW-K1-001-DPGP001,DTW-K1-001-DPGP007,DTW-K1-001-DPGP005,1,
40,B_Gene479,DTW-K1-001-DPGP004,DTW-K1-001-DPGP004,DTW-K1-001-DPGP004,3,DTW-K1-001-DPGP004
41,B_Gene270,DTW-K1-001-DPGP012,DTW-K1-001-DPGP001,DTW-K1-001-DPGP001,2,DTW-K1-001-DPGP001
42,A_Gene496,DTW-K1-001-DPGP016,DTW-K1-001-DPGP014,DTW-K1-001-DPGP003,1,
43,B_Gene456,DTW-K1-001-DPGP019,DTW-K1-001-DPGP011,DTW-K1-001-DPGP004,1,
44,B_Gene43,DTW-K1-001-DPGP017,DTW-K1-001-DPGP016,DTW-K1-001-DPGP004,1,
45,B_Gene190,DTW-K1-001-DPGP003,DTW-K1-001-DPGP005,DTW-K1-001-DPGP013,1,
46,A_Gene229,DTW-K1-001-DPGP006,DTW-K1-001-DPGP016,DTW-K1-001-DPGP005,1,
47,A_Gene121,DTW-K1-001-DPGP010,DTW-K1-001-DPGP015,DTW-K1-001-DPGP008,1,
48,B_Gene419,DTW-K1-001-DPGP014,DTW-K1-001-DPGP008,DTW-K1-001-DPGP003,1,
49,B_Gene328,DTW-K1-001-DPGP006,DTW-K1-001-DPGP006,DTW-K1-001-DPGP018,2,DTW-K1-001-DPGP006
50,B_Gene166,DTW-K1-001-DPGP009,DTW-K1-001-DPGP007,DTW-K1-001-DPGP005,1,
51,B_Gene117,DTW-K1-001-DPGP001,DTW-K1-001-DPGP014,DTW-K1-001-DPGP007,1,
52,B_Gene296,DTW-K1-001-DPGP002,DTW-K1-001-DPGP006,DTW-K1-001-DPGP013,1,
53,A_Gene438,DTW-K1-001-DPGP018,DTW-K1-001-DPGP015,DTW-K1-001-DPGP004,1,
54,A_Gene215,DTW-K1-001-DPGP019,DTW-K1-001-DPGP010,DTW-K1-001-DPGP006,1,
55,B_Gene245,DTW-K1-001-DPGP001,DTW-K1-001-DPGP001,DTW-K1-001-DPGP001,3,DTW-K1-001-DPGP001
56,B_Gene97,DTW-K1-001-DPGP006,DTW-K1-001-DPGP018,DTW-K1-001-DPGP005,1,
57,A_Gene100,DTW-K1-001-DPGP009,DTW-K1-001-DPGP005,DTW-K1-001-DPGP015,1,
58,A_Gene226,DTW-K1-001-DPGP015,DTW-K1-001-DPGP019,DTW-K1-001-DPGP005,1,
59,A_Gene62,DTW-K1-001-DPGP014,DTW-K1-001-DPGP020,DTW-K1-001-DPGP008,1,
60,A_Gene463,DTW-K1-001-DPGP001,DTW-K1-001-DPGP014,DTW-K1-001-DPGP001,2,DTW-K1-001-DPGP001
61,B_Gene58,DTW-K1-001-DPGP010,DTW-K1-001-DPGP005,DTW-K1-001-DPGP009,1,
62,B_Gene477,DTW-K1-001-DPGP006,DTW-K1-001-DPGP005,DTW-K1-001-DPGP007,1,
63,B_Gene442,DTW-K1-001-DPGP005,DTW-K1-001-DPGP008,DTW-K1-001-DPGP009,1,
64,B_Gene73,DTW-K1-001-DPGP007,DTW-K1-001-DPGP016,DTW-K1-001-DPGP001,1,
65,A_Gene25,DTW-K1-001-DPGP004,DTW-K1-001-DPGP017,DTW-K1-001-DPGP006,1,
66,B_Gene327,DTW-K1-001-DPGP006,DTW-K1-001-DPGP014,DTW-K1-001-DPGP016,1,
67,B_Gene422,DTW-K1-001-DPGP019,DTW-K1-001-DPGP006,DTW-K1-001-DPGP011,1,
68,B_Gene252,DTW-K1-001-DPGP006,DTW-K1-001-DPGP007,DTW-K1-001-DPGP005,1,
69,A_Gene70,DTW-K1-001-DPGP006,DTW-K1-001-DPGP003,DTW-K1-001-DPGP006,2,DTW-K1-001-DPGP006
70,B_Gene21,DTW-K1-001-DPGP006,DTW-K1-001-DPGP012,DTW-K1-001-DPGP001,1,
71,B_Gene458,DTW-K1-001-DPGP009,DTW-K1-001-DPGP002,DTW-K1-001-DPGP016,1,
72,B_Gene453,DTW-K1-001-DPGP009,DTW-K1-001-DPGP015,DTW-K1-001-DPGP008,1,
73,A_Gene96,DTW-K1-001-DPGP018,DTW-K1-001-DPGP001,DTW-K1-001-DPGP003,1,
74,B_Gene286,DTW-K1-001-DPGP006,DTW-K1-001-DPGP006,DTW-K1-001-DPGP006,3,DTW-K1-001-DPGP006
75,A_Gene147,DTW-K1-001-DPGP002,DTW-K1-001-DPGP014,DTW-K1-001-DPGP019,1,
76,B_Gene120,DTW-K1-001-DPGP006,DTW-K1-001-DPGP009,DTW-K1-001-DPGP013,1,
77,B_Gene219,DTW-K1-001-DPGP012,DTW-K1-001-DPGP012,DTW-K1-001-DPGP001,2,DTW-K1-001-DPGP012
78,B_Gene229,DTW-K1-001-DPGP005,DTW-K1-001-DPGP013,DTW-K1-001-DPGP013,2,DTW-K1-001-DPGP013
79,A_Gene357,DTW-K1-001-DPGP007,DTW-K1-001-DPGP008,DTW-K1-001-DPGP016,1,
80,B_Gene203,DTW-K1-001-DPGP016,DTW-K1-001-DPGP009,DTW-K1-001-DPGP013,1,
81,A_Gene359,DTW-K1-001-DPGP008,DTW-K1-001-DPGP014,DTW-K1-001-DPGP003,1,
82,B_Gene158,DTW-K1-001-DPGP010,DTW-K1-001-DPGP011,DTW-K1-001-DPGP018,1,
83,A_Gene331,DTW-K1-001-DPGP003,DTW-K1-001-DPGP010,DTW-K1-001-DPGP003,2,DTW-K1-001-DPGP003
84,B_Gene292,DTW-K1-001-DPGP014,DTW-K1-001-DPGP014,DTW-K1-001-DPGP001,2,DTW-K1-001-DPGP014
85,B_Gene241,DTW-K1-001-DPGP010,DTW-K1-001-DPGP017,DTW-K1-001-DPGP001,1,
86,A_Gene314,DTW-K1-001-DPGP001,DTW-K1-001-DPGP014,DTW-K1-001-DPGP014,2,DTW-K1-001-DPGP014
87,B_Gene84,DTW-K1-001-DPGP002,DTW-K1-001-DPGP007,DTW-K1-001-DPGP013,1,
88,B_Gene374,DTW-K1-001-DPGP010,DTW-K1-001-DPGP008,DTW-K1-001-DPGP010,2,DTW-K1-001-DPGP010
89,B_Gene207,DTW-K1-001-DPGP001,DTW-K1-001-DPGP016,DTW-K1-001-DPGP013,1,
90,B_Gene361,DTW-K1-001-DPGP014,DTW-K1-001-DPGP014,DTW-K1-001-DPGP016,2,DTW-K1-001-DPGP014
91,A_Gene145,DTW-K1-001-DPGP002,DTW-K1-001-DPGP016,DTW-K1-001-DPGP006,1,
92,B_Gene352,DTW-K1-001-DPGP001,DTW-K1-001-DPGP001,DTW-K1-001-DPGP001,3,DTW-K1-001-DPGP001
93,B_Gene36,DTW-K1-001-DPGP014,DTW-K1-001-DPGP001,DTW-K1-001-DPGP013,1,
94,A_Gene426,DTW-K1-001-DPGP011,DTW-K1-001-DPGP011,DTW-K1-001-DPGP002,2,DTW-K1-001-DPGP011
95,A_Gene354,DTW-K1-001-DPGP004,DTW-K1-001-DPGP001,DTW-K1-001-DPGP004,2,DTW-K1-001-DPGP004
96,B_Gene314,DTW-K1-001-DPGP020,DTW-K1-001-DPGP001,DTW-K1-001-DPGP014,1,
97,B_Gene19,DTW-K1-001-DPGP001,DTW-K1-001-DPGP015,DTW-K1-001-DPGP004,1,
98,A_Gene322,DTW-K1-001-DPGP004,DTW-K1-001-DPGP011,DTW-K1-001-DPGP018,1,
99,B_Gene378,DTW-K1-001-DPGP010,DTW-K1-001-DPGP013,DTW-K1-001-DPGP011,1,
100,B_Gene234,DTW-K1-001-DPGP010,DTW-K1-001-DPGP001,DTW-K1-001-DPGP004,1,
101,B_Gene148,DTW-K1-001-DPGP005,DTW-K1-001-DPGP013,DTW-K1-001-DPGP008,1,
102,B_Gene376,DTW-K1-001-DPGP014,DTW-K1-001-DPGP014,DTW-K1-001-DPGP014,3,DTW-K1-001-DPGP014
103,B_Gene57,DTW-K1-001-DPGP018,DTW-K1-001-DPGP006,DTW-K1-001-DPGP016,1,
104,A_Gene180,DTW-K1-001-DPGP006,DTW-K1-001-DPGP006,DTW-K1-001-DPGP006,3,DTW-K1-001-DPGP006
105,B_Gene124,DTW-K1-001-DPGP001,DTW-K1-001-DPGP001,DTW-K1-001-DPGP014,2,DTW-K1-001-DPGP001
106,A_Gene139,DTW-K1-001-DPGP010,DTW-K1-001-DPGP010,DTW-K1-001-DPGP015,2,DTW-K1-001-DPGP010
107,B_Gene393,DTW-K1-001-DPGP018,DTW-K1-001-DPGP015,DTW-K1-001-DPGP009,1,
108,A_Gene128,DTW-K1-001-DPGP014,DTW-K1-001-DPGP016,DTW-K1-001-DPGP014,2,DTW-K1-001-DPGP014
109,A_Gene420,DTW-K1-001-DPGP001,DTW-K1-001-DPGP001,DTW-K1-001-DPGP019,2,DTW-K1-001-DPGP001
110,B_Gene177,DTW-K1-001-DPGP002,DTW-K1-001-DPGP001,DTW-K1-001-DPGP010,1,
111,B_Gene486,DTW-K1-001-DPGP016,DTW-K1-001-DPGP008,DTW-K1-001-DPGP006,1,
112,B_Gene1,DTW-K1-001-DPGP014,DTW-K1-001-DPGP001,DTW-K1-001-DPGP004,1,
113,B_Gene294,DTW-K1-001-DPGP014,DTW-K1-001-DPGP001,DTW-K1-001-DPGP001,2,DTW-K1-001-DPGP001
114,A_Gene61,DTW-K1-001-DPGP014,DTW-K1-001-DPGP009,DTW-K1-001-DPGP019,1,
115,B_Gene265,DTW-K1-001-DPGP002,DTW-K1-001-DPGP009,DTW-K1-001-DPGP009,2,DTW-K1-001-DPGP009
116,A_Gene284,DTW-K1-001-DPGP006,DTW-K1-001-DPGP006,DTW-K1-001-DPGP002,2,DTW-K1-001-DPGP006
117,B_Gene213,DTW-K1-001-DPGP003,DTW-K1-001-DPGP017,DTW-K1-001-DPGP001,1,
118,B_Gene403,DTW-K1-001-DPGP006,DTW-K1-001-DPGP008,DTW-K1-001-DPGP003,1,
119,A_Gene472,DTW-K1-001-DPGP001,DTW-K1-001-DPGP014,DTW-K1-001-DPGP001,2,DTW-K1-001-DPGP001
120,A_Gene330,DTW-K1-001-DPGP014,DTW-K1-001-DPGP006,DTW-K1-001-DPGP017,1,
121,B_Gene473,DTW-K1-001-DPGP012,DTW-K1-001-DPGP016,DTW-K1-001-DPGP020,1,
122,B_Gene161,DTW-K1-001-DPGP007,DTW-K1-001-DPGP005,DTW-K1-001-DPGP004,1,
123,B_Gene186,DTW-K1-001-DPGP001,DTW-K1-001-DPGP001,DTW-K1-001-DPGP001,3,DTW-K1-001-DPGP001
124,A_Gene73,DTW-K1-001-DPGP010,DTW-K1-001-DPGP016,DTW-K1-001-DPGP007,1,
125,B_Gene197,DTW-K1-001-DPGP001,DTW-K1-001-DPGP004,DTW-K1-001-DPGP014,1,
126,B_Gene24,DTW-K1-001-DPGP003,DTW-K1-001-DPGP013,DTW-K1-001-DPGP010,1,
127,A_Gene197,DTW-K1-001-DPGP011,DTW-K1-001-DPGP010,DTW-K1-001-DPGP019,1,
128,B_Gene142,DTW-K1-001-DPGP009,DTW-K1-001-DPGP009,DTW-K1-001-DPGP005,2,DTW-K1-001-DPGP009
129,B_Gene354,DTW-K1-001-DPGP015,DTW-K1-001-DPGP015,DTW-K1-001-DPGP001,2,DTW-K1-001-DPGP015
130,B_Gene321,DTW-K1-001-DPGP001,DTW-K1-001-DPGP001,DTW-K1-001-DPGP004,2,DTW-K1-001-DPGP001
131,A_Gene163,DTW-K1-001-DPGP014,DTW-K1-001-DPGP015,DTW-K1-001-DPGP008,1,
132,A_Gene235,DTW-K1-001-DPGP006,DTW-K1-001-DPGP006,DTW-K1-001-DPGP006,3,DTW-K1-001-DPGP006
133,A_Gene24,DTW-K1-001-DPGP006,DTW-K1-001-DPGP019,DTW-K1-001-DPGP004,1,
134,B_Gene299,DTW-K1-001-DPGP001,DTW-K1-001-DPGP001,DTW-K1-001-DPGP001,3,DTW-K1-001-DPGP001
135,A_Gene83,DTW-K1-001-DPGP010,DTW-K1-001-DPGP002,DTW-K1-001-DPGP011,1,
136,A_Gene410,DTW-K1-001-DPGP017,DTW-K1-001-DPGP015,DTW-K1-001-DPGP009,1,
137,B_Gene293,DTW-K1-001-DPGP002,DTW-K1-001-DPGP016,DTW-K1-001-DPGP016,2,DTW-K1-001-DPGP016
138,B_Gene357,DTW-K1-001-DPGP006,DTW-K1-001-DPGP005,DTW-K1-001-DPGP015,1,
139,A_Gene191,DTW-K1-001-DPGP005,DTW-K1-001-DPGP002,DTW-K1-001-DPGP005,2,DTW-K1-001-DPGP005
140,B_Gene86,DTW-K1-001-DPGP006,DTW-K1-001-DPGP010,DTW-K1-001-DPGP008,1,
141,B_Gene330,DTW-K1-001-DPGP003,DTW-K1-001-DPGP016,DTW-K1-001-DPGP006,1,
142,B_Gene25,DTW-K1-001-DPGP005,DTW-K1-001-DPGP007,DTW-K1-001-DPGP005,2,DTW-K1-001-DPGP005
143,B_Gene90,DTW-K1-001-DPGP014,DTW-K1-001-DPGP007,DTW-K1-001-DPGP004,1,
144,B_Gene131,DTW-K1-001-DPGP019,DTW-K1-001-DPGP007,DTW-K1-001-DPGP009,1,
145,A_Gene169,DTW-K1-001-DPGP001,DTW-K1-001-DPGP015,DTW-K1-001-DPGP004,1,
146,A_Gene184,DTW-K1-001-DPGP012,DTW-K1-001-DPGP006,DTW-K1-001-DPGP006,2,DTW-K1-001-DPGP006
147,A_Gene43,DTW-K1-001-DPGP018,DTW-K1-001-DPGP011,DTW-K1-001-DPGP003,1,
148,A_Gene497,DTW-K1-001-DPGP016,DTW-K1-001-DPGP002,DTW-K1-001-DPGP019,1,
149,B_Gene320,DTW-K1-001-DPGP007,DTW-K1-001-DPGP001,DTW-K1-001-DPGP001,2,DTW-K1-001-DPGP001
150,A_Gene34,DTW-K1-001-DPGP006,DTW-K1-001-DPGP003,DTW-K1-001-DPGP014,1,
151,B_Gene101,DTW-K1-001-DPGP001,DTW-K1-001-DPGP001,DTW-K1-001-DPGP001,3,DTW-K1-001-DPGP001
152,B_Gene35,DTW-K1-001-DPGP006,DTW-K1-001-DPGP011,DTW-K1-001-DPGP001,1,
153,B_Gene350,DTW-K1-001-DPGP006,DTW-K1-001-DPGP006,DTW-K1-001-DPGP004,2,DTW-K1-001-DPGP006
154,B_Gene426,DTW-K1-001-DPGP018,DTW-K1-001-DPGP011,DTW-K1-001-DPGP004,1,
155,A_Gene208,DTW-K1-001-DPGP006,DTW-K1-001-DPGP006,DTW-K1-001-DPGP009,2,DTW-K1-001-DPGP006
156,B_Gene228,DTW-K1-001-DPGP019,DTW-K1-001-DPGP011,DTW-K1-001-DPGP015,1,
157,A_Gene394,DTW-K1-001-DPGP001,DTW-K1-001-DPGP002,DTW-K1-001-DPGP019,1,
158,B_Gene248,DTW-K1-001-DPGP003,DTW-K1-001-DPGP013,DTW-K1-001-DPGP014,1,
159,A_Gene119,DTW-K1-001-DPGP001,DTW-K1-001-DPGP015,DTW-K1-001-DPGP001,2,DTW-K1-001-DPGP001
160,B_Gene168,DTW-K1-001-DPGP007,DTW-K1-001-DPGP016,DTW-K1-001-DPGP001,1,
161,A_Gene77,DTW-K1-001-DPGP019,DTW-K1-001-DPGP012,DTW-K1-001-DPGP011,1,
162,A_Gene386,DTW-K1-001-DPGP019,DTW-K1-001-DPGP016,DTW-K1-001-DPGP014,1,
163,B_Gene465,DTW-K1-001-DPGP016,DTW-K1-001-DPGP006,DTW-K1-001-DPGP014,1,
164,A_Gene194,DTW-K1-001-DPGP001,DTW-K1-001-DPGP006,DTW-K1-001-DPGP002,1,
165,B_Gene3,DTW-K1-001-DPGP006,DTW-K1-001-DPGP007,DTW-K1-001-DPGP001,1,
166,A_Gene418,DTW-K1-001-DPGP015,DTW-K1-001-DPGP015,DTW-K1-001-DPGP015,3,DTW-K1-001-DPGP015
167,B_Gene337,DTW-K1-001-DPGP006,DTW-K1-001-DPGP006,DTW-K1-001-DPGP006,3,DTW-K1-001-DPGP006
168,B_Gene145,DTW-K1-001-DPGP006,DTW-K1-001-DPGP011,DTW-K1-001-DPGP015,1,
169,A_Gene142,DTW-K1-001-DPGP019,DTW-K1-001-DPGP010,DTW-K1-001-DPGP003,1,
170,B_Gene61,DTW-K1-001-DPGP005,DTW-K1-001-DPGP018,DTW-K1-001-DPGP011,1,
171,A_Gene3,DTW-K1-001-DPGP011,DTW-K1-001-DPGP008,DTW-K1-001-DPGP004,1,
172,A_Gene265,DTW-K1-001-DPGP004,DTW-K1-001-DPGP006,DTW-K1-001-DPGP009,1,
173,B_Gene274,DTW-K1-001-DPGP001,DTW-K1-001-DPGP001,DTW-K1-001-DPGP001,3,DTW-K1-001-DPGP001
174,A_Gene287,DTW-K1-001-DPGP005,DTW-K1-001-DPGP006,DTW-K1-001-DPGP009,1,
175,B_Gene409,DTW-K1-001-DPGP006,DTW-K1-001-DPGP006,DTW-K1-001-DPGP006,3,DTW-K1-001-DPGP006
176,A_Gene244,DTW-K1-001-DPGP009,DTW-K1-001-DPGP013,DTW-K1-001-DPGP018,1,
177,B_Gene196,DTW-K1-001-DPGP001,DTW-K1-001-DPGP019,DTW-K1-001-DPGP004,1,
178,B_Gene119,DTW-K1-001-DPGP017,DTW-K1-001-DPGP001,DTW-K1-001-DPGP015,1,
179,A_Gene216,DTW-K1-001-DPGP014,DTW-K1-001-DPGP015,DTW-K1-001-DPGP019,1,
180,A_Gene31,DTW-K1-001-DPGP001,DTW-K1-001-DPGP006,DTW-K1-001-DPGP004,1,
181,B_Gene195,DTW-K1-001-DPGP012,DTW-K1-001-DPGP012,DTW-K1-001-DPGP016,2,DTW-K1-001-DPGP012
182,B_Gene351,DTW-K1-001-DPGP001,DTW-K1-001-DPGP011,DTW-K1-001-DPGP008,1,
183,B_Gene129,DTW-K1-001-DPGP014,DTW-K1-001-DPGP001,DTW-K1-001-DPGP014,2,DTW-K1-001-DPGP014
184,B_Gene496,DTW-K1-001-DPGP016,DTW-K1-001-DPGP008,DTW-K1-001-DPGP008,2,DTW-K1-001-DPGP008
185,A_Gene325,DTW-K1-001-DPGP001,DTW-K1-001-DPGP017,DTW-K1-001-DPGP017,2,DTW-K1-001-DPGP017
186,B_Gene173,DTW-K1-001-DPGP002,DTW-K1-001-DPGP009,DTW-K1-001-DPGP006,1,
187,B_Gene311,DTW-K1-001-DPGP001,DTW-K1-001-DPGP001,DTW-K1-001-DPGP001,3,DTW-K1-001-DPGP001
188,A_Gene176,DTW-K1-001-DPGP003,DTW-K1-001-DPGP006,DTW-K1-001-DPGP006,2,DTW-K1-001-DPGP006
189,A_Gene186,DTW-K1-001-DPGP001,DTW-K1-001-DPGP001,DTW-K1-001-DPGP001,3,DTW-K1-001-DPGP001
190,B_Gene105,DTW-K1-001-DPGP001,DTW-K1-001-DPGP015,DTW-K1-001-DPGP001,2,DTW-K1-001-DPGP001
191,A_Gene346,DTW-K1-001-DPGP006,DTW-K1-001-DPGP003,DTW-K1-001-DPGP003,2,DTW-K1-001-DPGP003
192,B_Gene218,DTW-K1-001-DPGP003,DTW-K1-001-DPGP016,DTW-K1-001-DPGP016,2,DTW-K1-001-DPGP016
193,A_Gene248,DTW-K1-001-DPGP003,DTW-K1-001-DPGP006,DTW-K1-001-DPGP003,2,DTW-K1-001-DPGP003
194,B_Gene226,DTW-K1-001-DPGP002,DTW-K1-001-DPGP017,DTW-K1-001-DPGP003,1,
195,A_Gene311,DTW-K1-001-DPGP001,DTW-K1-001-DPGP004,DTW-K1-001-DPGP004,2,DTW-K1-001-DPGP004
196,B_Gene18,DTW-K1-001-DPGP007,DTW-K1-001-DPGP003,DTW-K1-001-DPGP001,1,
197,A_Gene442,DTW-K1-001-DPGP006,DTW-K1-001-DPGP013,DTW-K1-001-DPGP017,1,
198,B_Gene474,DTW-K1-001-DPGP018,DTW-K1-001-DPGP015,DTW-K1-001-DPGP006,1,
199,B_Gene232,DTW-K1-001-DPGP016,DTW-K1-001-DPGP007,DTW-K1-001-DPGP019,1,
200,B_Gene480,DTW-K1-001-DPGP006,DTW-K1-001-DPGP006,DTW-K1-001-DPGP006,3,DTW-K1-001-DPGP006
201,B_Gene397,DTW-K1-001-DPGP003,DTW-K1-001-DPGP018,DTW-K1-001-DPGP001,1,
202,B_Gene72,DTW-K1-001-DPGP011,DTW-K1-001-DPGP017,DTW-K1-001-DPGP018,1,
203,B_Gene198,DTW-K1-001-DPGP020,DTW-K1-001-DPGP008,DTW-K1-001-DPGP005,1,
204,A_Gene262,DTW-K1-001-DPGP003,DTW-K1-001-DPGP012,DTW-K1-001-DPGP008,1,
205,A_Gene164,DTW-K1-001-DPGP006,DTW-K1-001-DPGP006,DTW-K1-001-DPGP003,2,DTW-K1-001-DPGP006
206,A_Gene276,DTW-K1-001-DPGP004,DTW-K1-001-DPGP018,DTW-K1-001-DPGP013,1,
207,B_Gene212,DTW-K1-001-DPGP006,DTW-K1-001-DPGP010,DTW-K1-001-DPGP014,1,
208,A_Gene403,DTW-K1-001-DPGP003,DTW-K1-001-DPGP014,DTW-K1-001-DPGP008,1,
209,B_Gene260,DTW-K1-001-DPGP003,DTW-K1-001-DPGP016,DTW-K1-001-DPGP005,1,
210,B_Gene331,DTW-K1-001-DPGP006,DTW-K1-001-DPGP013,DTW-K1-001-DPGP006,2,DTW-K1-001-DPGP006
211,B_Gene163,DTW-K1-001-DPGP014,DTW-K1-001-DPGP001,DTW-K1-001-DPGP001,2,DTW-K1-001-DPGP001
212,B_Gene428,DTW-K1-001-DPGP012,DTW-K1-001-DPGP013,DTW-K1-001-DPGP014,1,
213,B_Gene338,DTW-K1-001-DPGP014,DTW-K1-001-DPGP014,DTW-K1-001-DPGP001,2,DTW-K1-001-DPGP014
214,A_Gene149,DTW-K1-001-DPGP001,DTW-K1-001-DPGP004,DTW-K1-001-DPGP001,2,DTW-K1-001-DPGP001
215,A_Gene127,DTW-K1-001-DPGP004,DTW-K1-001-DPGP003,DTW-K1-001-DPGP001,1,
216,B_Gene7,DTW-K1-001-DPGP018,DTW-K1-001-DPGP005,DTW-K1-001-DPGP013,1,
217,A_Gene1,DTW-K1-001-DPGP006,DTW-K1-001-DPGP015,DTW-K1-001-DPGP001,1,
218,B_Gene402,DTW-K1-001-DPGP018,DTW-K1-001-DPGP016,DTW-K1-001-DPGP013,1,
219,A_Gene247,DTW-K1-001-DPGP003,DTW-K1-001-DPGP011,DTW-K1-001-DPGP013,1,
220,A_Gene289,DTW-K1-001-DPGP012,DTW-K1-001-DPGP001,DTW-K1-001-DPGP016,1,
221,A_Gene126,DTW-K1-001-DPGP006,DTW-K1-001-DPGP005,DTW-K1-001-DPGP003,1,
222,B_Gene461,DTW-K1-001-DPGP008,DTW-K1-001-DPGP006,DTW-K1-001-DPGP011,1,
223,A_Gene36,DTW-K1-001-DPGP001,DTW-K1-001-DPGP016,DTW-K1-001-DPGP014,1,
224,A_Gene218,DTW-K1-001-DPGP009,DTW-K1-001-DPGP012,DTW-K1-001-DPGP013,1,
225,B_Gene325,DTW-K1-001-DPGP017,DTW-K1-001-DPGP004,DTW-K1-001-DPGP015,1,
226,A_Gene267,DTW-K1-001-DPGP015,DTW-K1-001-DPGP011,DTW-K1-001-DPGP016,1,
227,B_Gene42,DTW-K1-001-DPGP018,DTW-K1-001-DPGP001,DTW-K1-001-DPGP006,1,
228,A_Gene286,DTW-K1-001-DPGP006,DTW-K1-001-DPGP006,DTW-K1-001-DPGP006,3,DTW-K1-001-DPGP006
229,A_Gene84,DTW-K1-001-DPGP007,DTW-K1-001-DPGP001,DTW-K1-001-DPGP002,1,
230,B_Gene289,DTW-K1-001-DPGP001,DTW-K1-001-DPGP008,DTW-K1-001-DPGP019,1,
231,A_Gene451,DTW-K1-001-DPGP009,DTW-K1-001-DPGP006,DTW-K1-001-DPGP010,1,
232,B_Gene31,DTW-K1-001-DPGP006,DTW-K1-001-DPGP006,DTW-K1-001-DPGP006,3,DTW-K1-001-DPGP006
233,A_Gene241,DTW-K1-001-DPGP004,DTW-K1-001-DPGP019,DTW-K1-001-DPGP017,1,
234,B_Gene251,DTW-K1-001-DPGP005,DTW-K1-001-DPGP006,DTW-K1-001-DPGP016,1,
235,A_Gene361,DTW-K1-001-DPGP016,DTW-K1-001-DPGP016,DTW-K1-001-DPGP014,2,DTW-K1-001-DPGP016
236,B_Gene358,DTW-K1-001-DPGP011,DTW-K1-001-DPGP017,DTW-K1-001-DPGP001,1,
237,B_Gene45,DTW-K1-001-DPGP019,DTW-K1-001-DPGP010,DTW-K1-001-DPGP018,1,
238,B_Gene475,DTW-K1-001-DPGP001,DTW-K1-001-DPGP001,DTW-K1-001-DPGP014,2,DTW-K1-001-DPGP001
239,B_Gene471,DTW-K1-001-DPGP008,DTW-K1-001-DPGP010,DTW-K1-001-DPGP009,1,
240,A_Gene173,DTW-K1-001-DPGP009,DTW-K1-001-DPGP006,DTW-K1-001-DPGP013,1,
241,B_Gene70,DTW-K1-001-DPGP006,DTW-K1-001-DPGP006,DTW-K1-001-DPGP013,2,DTW-K1-001-DPGP006
242,B_Gene401,DTW-K1-001-DPGP014,DTW-K1-001-DPGP009,DTW-K1-001-DPGP014,2,DTW-K1-001-DPGP014
243,B_Gene438,DTW-K1-001-DPGP019,DTW-K1-001-DPGP015,DTW-K1-001-DPGP004,1,
244,A_Gene466,DTW-K1-001-DPGP004,DTW-K1-001-DPGP017,DTW-K1-001-DPGP012,1,
245,B_Gene463,DTW-K1-001-DPGP020,DTW-K1-001-DPGP014,DTW-K1-001-DPGP020,2,DTW-K1-001-DPGP020
246,A_Gene337,DTW-K1-001-DPGP006,DTW-K1-001-DPGP009,DTW-K1-001-DPGP006,2,DTW-K1-001-DPGP006
247,A_Gene327,DTW-K1-001-DPGP002,DTW-K1-001-DPGP002,DTW-K1-001-DPGP008,2,DTW-K1-001-DPGP002
248,B_Gene411,DTW-K1-001-DPGP006,DTW-K1-001-DPGP006,DTW-K1-001-DPGP006,3,DTW-K1-001-DPGP006
249,A_Gene428,DTW-K1-001-DPGP006,DTW-K1-001-DPGP014,DTW-K1-001-DPGP007,1,
250,A_Gene165,DTW-K1-001-DPGP006,DTW-K1-001-DPGP006,DTW-K1-001-DPGP006,3,DTW-K1-001-DPGP006
251,A_Gene214,DTW-K1-001-DPGP001,DTW-K1-001-DPGP001,DTW-K1-001-DPGP001,3,DTW-K1-001-DPGP001
252,A_Gene305,DTW-K1-001-DPGP003,DTW-K1-001-DPGP008,DTW-K1-001-DPGP003,2,DTW-K1-001-DPGP003
253,B_Gene396,DTW-K1-001-DPGP007,DTW-K1-001-DPGP019,DTW-K1-001-DPGP006,1,
254,B_Gene313,DTW-K1-001-DPGP006,DTW-K1-001-DPGP006,DTW-K1-001-DPGP001,2,DTW-K1-001-DPGP006
255,B_Gene290,DTW-K1-001-DPGP015,DTW-K1-001-DPGP011,DTW-K1-001-DPGP015,2,DTW-K1-001-DPGP015
256,A_Gene219,DTW-K1-001-DPGP016,DTW-K1-001-DPGP013,DTW-K1-001-DPGP019,1,
257,A_Gene21,DTW-K1-001-DPGP006,DTW-K1-001-DPGP001,DTW-K1-001-DPGP019,1,
258,A_Gene481,DTW-K1-001-DPGP006,DTW-K1-001-DPGP006,DTW-K1-001-DPGP006,3,DTW-K1-001-DPGP006
259,A_Gene423,DTW-K1-001-DPGP006,DTW-K1-001-DPGP006,DTW-K1-001-DPGP006,3,DTW-K1-001-DPGP006
260,A_Gene195,DTW-K1-001-DPGP005,DTW-K1-001-DPGP007,DTW-K1-001-DPGP006,1,
261,B_Gene297,DTW-K1-001-DPGP006,DTW-K1-001-DPGP009,DTW-K1-001-DPGP007,1,
262,A_Gene417,DTW-K1-001-DPGP020,DTW-K1-001-DPGP009,DTW-K1-001-DPGP008,1,
263,B_Gene261,DTW-K1-001-DPGP001,DTW-K1-001-DPGP017,DTW-K1-001-DPGP001,2,DTW-K1-001-DPGP001
264,A_Gene212,DTW-K1-001-DPGP012,DTW-K1-001-DPGP011,DTW-K1-001-DPGP014,1,
265,B_Gene308,DTW-K1-001-DPGP015,DTW-K1-001-DPGP017,DTW-K1-001-DPGP014,1,
266,A_Gene47,DTW-K1-001-DPGP001,DTW-K1-001-DPGP001,DTW-K1-001-DPGP001,3,DTW-K1-001-DPGP001
267,B_Gene208,DTW-K1-001-DPGP013,DTW-K1-001-DPGP009,DTW-K1-001-DPGP007,1,
268,A_Gene473,DTW-K1-001-DPGP006,DTW-K1-001-DPGP012,DTW-K1-001-DPGP006,2,DTW-K1-001-DPGP006
269,A_Gene480,DTW-K1-001-DPGP006,DTW-K1-001-DPGP006,DTW-K1-001-DPGP006,3,DTW-K1-001-DPGP006
270,B_Gene135,DTW-K1-001-DPGP003,DTW-K1-001-DPGP006,DTW-K1-001-DPGP016,1,
271,B_Gene418,DTW-K1-001-DPGP007,DTW-K1-001-DPGP015,DTW-K1-001-DPGP015,2,DTW-K1-001-DPGP015
272,B_Gene192,DTW-K1-001-DPGP006,DTW-K1-001-DPGP006,DTW-K1-001-DPGP006,3,DTW-K1-001-DPGP006
273,A_Gene196,DTW-K1-001-DPGP016,DTW-K1-001-DPGP002,DTW-K1-001-DPGP017,1,
274,A_Gene131,DTW-K1-001-DPGP009,DTW-K1-001-DPGP016,DTW-K1-001-DPGP008,1,
275,A_Gene18,DTW-K1-001-DPGP002,DTW-K1-001-DPGP001,DTW-K1-001-DPGP001,2,DTW-K1-001-DPGP001
276,A_Gene491,DTW-K1-001-DPGP002,DTW-K1-001-DPGP014,DTW-K1-001-DPGP010,1,
277,A_Gene177,DTW-K1-001-DPGP006,DTW-K1-001-DPGP006,DTW-K1-001-DPGP009,2,DTW-K1-001-DPGP006
278,A_Gene258,DTW-K1-001-DPGP001,DTW-K1-001-DPGP017,DTW-K1-001-DPGP019,1,
279,A_Gene334,DTW-K1-001-DPGP006,DTW-K1-001-DPGP006,DTW-K1-001-DPGP006,3,DTW-K1-001-DPGP006
280,A_Gene192,DTW-K1-001-DPGP006,DTW-K1-001-DPGP008,DTW-K1-001-DPGP006,2,DTW-K1-001-DPGP006
281,B_Gene139,DTW-K1-001-DPGP006,DTW-K1-001-DPGP013,DTW-K1-001-DPGP010,1,
282,B_Gene386,DTW-K1-001-DPGP001,DTW-K1-001-DPGP001,DTW-K1-001-DPGP016,2,DTW-K1-001-DPGP001
283,B_Gene400,DTW-K1-001-DPGP009,DTW-K1-001-DPGP009,DTW-K1-001-DPGP006,2,DTW-K1-001-DPGP009
284,A_Gene129,DTW-K1-001-DPGP014,DTW-K1-001-DPGP014,DTW-K1-001-DPGP003,2,DTW-K1-001-DPGP014
285,B_Gene472,DTW-K1-001-DPGP014,DTW-K1-001-DPGP001,DTW-K1-001-DPGP001,2,DTW-K1-001-DPGP001
286,A_Gene490,DTW-K1-001-DPGP004,DTW-K1-001-DPGP001,DTW-K1-001-DPGP002,1,
287,B_Gene312,DTW-K1-001-DPGP006,DTW-K1-001-DPGP006,DTW-K1-001-DPGP006,3,DTW-K1-001-DPGP006
288,B_Gene277,DTW-K1-001-DPGP010,DTW-K1-001-DPGP006,DTW-K1-001-DPGP006,2,DTW-K1-001-DPGP006
289,B_Gene75,DTW-K1-001-DPGP003,DTW-K1-001-DPGP003,DTW-K1-001-DPGP009,2,DTW-K1-001-DPGP003
290,B_Gene500,DTW-K1-001-DPGP006,DTW-K1-001-DPGP006,DTW-K1-001-DPGP016,2,DTW-K1-001-DPGP006
291,A_Gene232,DTW-K1-001-DPGP016,DTW-K1-001-DPGP011,DTW-K1-001-DPGP006,1,
292,A_Gene290,DTW-K1-001-DPGP006,DTW-K1-001-DPGP013,DTW-K1-001-DPGP010,1,
293,A_Gene450,DTW-K1-001-DPGP006,DTW-K1-001-DPGP009,DTW-K1-001-DPGP009,2,DTW-K1-001-DPGP009
294,A_Gene231,DTW-K1-001-DPGP004,DTW-K1-001-DPGP001,DTW-K1-001-DPGP004,2,DTW-K1-001-DPGP004
295,A_Gene404,DTW-K1-001-DPGP016,DTW-K1-001-DPGP017,DTW-K1-001-DPGP001,1,
296,A_Gene288,DTW-K1-001-DPGP020,DTW-K1-001-DPGP001,DTW-K1-001-DPGP019,1,
297,B_Gene44,DTW-K1-001-DPGP006,DTW-K1-001-DPGP006,DTW-K1-001-DPGP006,3,DTW-K1-001-DPGP006
298,A_Gene42,DTW-K1-001-DPGP011,DTW-K1-001-DPGP006,DTW-K1-001-DPGP006,2,DTW-K1-001-DPGP006
299,A_Gene20,DTW-K1-001-DPGP005,DTW-K1-001-DPGP008,DTW-K1-001-DPGP009,1,
300,B_Gene184,DTW-K1-001-DPGP006,DTW-K1-001-DPGP006,DTW-K1-001-DPGP006,3,DTW-K1-001-DPGP006
301,A_Gene207,DTW-K1-001-DPGP020,DTW-K1-001-DPGP008,DTW-K1-001-DPGP001,1,
302,A_Gene135,DTW-K1-001-DPGP006,DTW-K1-001-DPGP008,DTW-K1-001-DPGP003,1,
303,A_Gene299,DTW-K1-001-DPGP001,DTW-K1-001-DPGP001,DTW-K1-001-DPGP001,3,DTW-K1-001-DPGP001
304,A_Gene158,DTW-K1-001-DPGP004,DTW-K1-001-DPGP010,DTW-K1-001-DPGP006,1,
305,B_Gene185,DTW-K1-001-DPGP010,DTW-K1-001-DPGP007,DTW-K1-001-DPGP010,2,DTW-K1-001-DPGP010
306,B_Gene346,DTW-K1-001-DPGP006,DTW-K1-001-DPGP016,DTW-K1-001-DPGP006,2,DTW-K1-001-DPGP006
307,A_Gene393,DTW-K1-001-DPGP001,DTW-K1-001-DPGP001,DTW-K1-001-DPGP001,3,DTW-K1-001-DPGP001
308,B_Gene236,DTW-K1-001-DPGP011,DTW-K1-001-DPGP004,DTW-K1-001-DPGP013,1,
309,A_Gene266,DTW-K1-001-DPGP020,DTW-K1-001-DPGP018,DTW-K1-001-DPGP019,1,
310,B_Gene115,DTW-K1-001-DPGP013,DTW-K1-001-DPGP006,DTW-K1-001-DPGP016,1,
311,B_Gene377,DTW-K1-001-DPGP006,DTW-K1-001-DPGP019,DTW-K1-001-DPGP016,1,
312,A_Gene245,DTW-K1-001-DPGP001,DTW-K1-001-DPGP001,DTW-K1-001-DPGP001,3,DTW-K1-001-DPGP001
313,A_Gene185,DTW-K1-001-DPGP016,DTW-K1-001-DPGP018,DTW-K1-001-DPGP018,2,DTW-K1-001-DPGP018
314,A_Gene270,DTW-K1-001-DPGP001,DTW-K1-001-DPGP014,DTW-K1-001-DPGP001,2,DTW-K1-001-DPGP001
315,B_Gene344,DTW-K1-001-DPGP001,DTW-K1-001-DPGP001,DTW-K1-001-DPGP020,2,DTW-K1-001-DPGP001
316,B_Gene235,DTW-K1-001-DPGP006,DTW-K1-001-DPGP006,DTW-K1-001-DPGP006,3,DTW-K1-001-DPGP006
317,A_Gene385,DTW-K1-001-DPGP002,DTW-K1-001-DPGP001,DTW-K1-001-DPGP019,1,
318,A_Gene198,DTW-K1-001-DPGP006,DTW-K1-001-DPGP006,DTW-K1-001-DPGP009,2,DTW-K1-001-DPGP006
319,A_Gene453,DTW-K1-001-DPGP019,DTW-K1-001-DPGP010,DTW-K1-001-DPGP007,1,
320,A_Gene351,DTW-K1-001-DPGP009,DTW-K1-001-DPGP011,DTW-K1-001-DPGP012,1,
321,A_Gene312,DTW-K1-001-DPGP006,DTW-K1-001-DPGP006,DTW-K1-001-DPGP006,3,DTW-K1-001-DPGP006
322,B_Gene154,DTW-K1-001-DPGP001,DTW-K1-001-DPGP001,DTW-K1-001-DPGP001,3,DTW-K1-001-DPGP001
323,A_Gene38,DTW-K1-001-DPGP006,DTW-K1-001-DPGP006,DTW-K1-001-DPGP019,2,DTW-K1-001-DPGP006
324,B_Gene431,DTW-K1-001-DPGP008,DTW-K1-001-DPGP016,DTW-K1-001-DPGP004,1,
325,B_Gene481,DTW-K1-001-DPGP006,DTW-K1-001-DPGP006,DTW-K1-001-DPGP006,3,DTW-K1-001-DPGP006
326,A_Gene101,DTW-K1-001-DPGP001,DTW-K1-001-DPGP001,DTW-K1-001-DPGP001,3,DTW-K1-001-DPGP001
327,A_Gene333,DTW-K1-001-DPGP002,DTW-K1-001-DPGP014,DTW-K1-001-DPGP008,1,
328,B_Gene242,DTW-K1-001-DPGP003,DTW-K1-001-DPGP006,DTW-K1-001-DPGP013,1,
329,A_Gene93,DTW-K1-001-DPGP001,DTW-K1-001-DPGP001,DTW-K1-001-DPGP001,3,DTW-K1-001-DPGP001
330,B_Gene271,DTW-K1-001-DPGP006,DTW-K1-001-DPGP006,DTW-K1-001-DPGP006,3,DTW-K1-001-DPGP006
331,A_Gene370,DTW-K1-001-DPGP001,DTW-K1-001-DPGP004,DTW-K1-001-DPGP012,1,
332,B_Gene93,DTW-K1-001-DPGP001,DTW-K1-001-DPGP001,DTW-K1-001-DPGP001,3,DTW-K1-001-DPGP001
333,B_Gene288,DTW-K1-001-DPGP016,DTW-K1-001-DPGP015,DTW-K1-001-DPGP002,1,
334,A_Gene72,DTW-K1-001-DPGP001,DTW-K1-001-DPGP015,DTW-K1-001-DPGP019,1,
335,B_Gene399,DTW-K1-001-DPGP017,DTW-K1-001-DPGP005,DTW-K1-001-DPGP020,1,
336,B_Gene220,DTW-K1-001-DPGP014,DTW-K1-001-DPGP007,DTW-K1-001-DPGP007,2,DTW-K1-001-DPGP007
337,A_Gene376,DTW-K1-001-DPGP016,DTW-K1-001-DPGP016,DTW-K1-001-DPGP014,2,DTW-K1-001-DPGP016
338,B_Gene491,DTW-K1-001-DPGP010,DTW-K1-001-DPGP019,DTW-K1-001-DPGP009,1,
339,A_Gene320,DTW-K1-001-DPGP001,DTW-K1-001-DPGP011,DTW-K1-001-DPGP016,1,
340,A_Gene285,DTW-K1-001-DPGP009,DTW-K1-001-DPGP006,DTW-K1-001-DPGP004,1,
341,B_Gene38,DTW-K1-001-DPGP006,DTW-K1-001-DPGP001,DTW-K1-001-DPGP016,1,
342,B_Gene498,DTW-K1-001-DPGP010,DTW-K1-001-DPGP011,DTW-K1-001-DPGP001,1,
343,A_Gene154,DTW-K1-001-DPGP001,DTW-K1-001-DPGP001,DTW-K1-001-DPGP001,3,DTW-K1-001-DPGP001
344,A_Gene321,DTW-K1-001-DPGP015,DTW-K1-001-DPGP009,DTW-K1-001-DPGP004,1,
345,A_Gene500,DTW-K1-001-DPGP006,DTW-K1-001-DPGP006,DTW-K1-001-DPGP006,3,DTW-K1-001-DPGP006
346,A_Gene252,DTW-K1-001-DPGP014,DTW-K1-001-DPGP019,DTW-K1-001-DPGP007,1,
347,B_Gene156,DTW-K1-001-DPGP001,DTW-K1-001-DPGP001,DTW-K1-001-DPGP001,3,DTW-K1-001-DPGP001
348,B_Gene340,DTW-K1-001-DPGP018,DTW-K1-001-DPGP012,DTW-K1-001-DPGP014,1,
349,A_Gene166,DTW-K1-001-DPGP006,DTW-K1-001-DPGP013,DTW-K1-001-DPGP006,2,DTW-K1-001-DPGP006
350,A_Gene242,DTW-K1-001-DPGP006,DTW-K1-001-DPGP003,DTW-K1-001-DPGP006,2,DTW-K1-001-DPGP006
351,A_Gene281,DTW-K1-001-DPGP006,DTW-K1-001-DPGP006,DTW-K1-001-DPGP008,2,DTW-K1-001-DPGP006
352,A_Gene352,DTW-K1-001-DPGP001,DTW-K1-001-DPGP001,DTW-K1-001-DPGP001,3,DTW-K1-001-DPGP001
353,A_Gene161,DTW-K1-001-DPGP001,DTW-K1-001-DPGP001,DTW-K1-001-DPGP018,2,DTW-K1-001-DPGP001
354,A_Gene271,DTW-K1-001-DPGP006,DTW-K1-001-DPGP006,DTW-K1-001-DPGP006,3,DTW-K1-001-DPGP006
355,B_Gene262,DTW-K1-001-DPGP012,DTW-K1-001-DPGP006,DTW-K1-001-DPGP001,1,
356,B_Gene440,DTW-K1-001-DPGP006,DTW-K1-001-DPGP006,DTW-K1-001-DPGP006,3,DTW-K1-001-DPGP006
357,B_Gene416,DTW-K1-001-DPGP002,DTW-K1-001-DPGP001,DTW-K1-001-DPGP017,1,
358,B_Gene191,DTW-K1-001-DPGP015,DTW-K1-001-DPGP019,DTW-K1-001-DPGP019,2,DTW-K1-001-DPGP019
359,A_Gene498,DTW-K1-001-DPGP001,DTW-K1-001-DPGP016,DTW-K1-001-DPGP004,1,
360,B_Gene276,DTW-K1-001-DPGP010,DTW-K1-001-DPGP003,DTW-K1-001-DPGP009,1,
361,A_Gene203,DTW-K1-001-DPGP005,DTW-K1-001-DPGP001,DTW-K1-001-DPGP018,1,
362,A_Gene416,DTW-K1-001-DPGP006,DTW-K1-001-DPGP006,DTW-K1-001-DPGP006,3,DTW-K1-001-DPGP006
363,A_Gene277,DTW-K1-001-DPGP006,DTW-K1-001-DPGP006,DTW-K1-001-DPGP003,2,DTW-K1-001-DPGP006
364,B_Gene78,DTW-K1-001-DPGP002,DTW-K1-001-DPGP006,DTW-K1-001-DPGP012,1,
365,B_Gene10,DTW-K1-001-DPGP001,DTW-K1-001-DPGP001,DTW-K1-001-DPGP001,3,DTW-K1-001-DPGP001
366,B_Gene495,DTW-K1-001-DPGP011,DTW-K1-001-DPGP003,DTW-K1-001-DPGP001,1,
367,B_Gene423,DTW-K1-001-DPGP006,DTW-K1-001-DPGP006,DTW-K1-001-DPGP006,3,DTW-K1-001-DPGP006
368,B_Gene127,DTW-K1-001-DPGP014,DTW-K1-001-DPGP014,DTW-K1-001-DPGP013,2,DTW-K1-001-DPGP014
369,A_Gene378,DTW-K1-001-DPGP011,DTW-K1-001-DPGP004,DTW-K1-001-DPGP007,1,
370,B_Gene281,DTW-K1-001-DPGP006,DTW-K1-001-DPGP012,DTW-K1-001-DPGP006,2,DTW-K1-001-DPGP006
371,A_Gene94,DTW-K1-001-DPGP015,DTW-K1-001-DPGP017,DTW-K1-001-DPGP004,1,
372,A_Gene338,DTW-K1-001-DPGP012,DTW-K1-001-DPGP014,DTW-K1-001-DPGP001,1,
373,A_Gene280,DTW-K1-001-DPGP006,DTW-K1-001-DPGP004,DTW-K1-001-DPGP019,1,
374,A_Gene79,DTW-K1-001-DPGP019,DTW-K1-001-DPGP010,DTW-K1-001-DPGP005,1,
375,B_Gene149,DTW-K1-001-DPGP001,DTW-K1-001-DPGP001,DTW-K1-001-DPGP001,3,DTW-K1-001-DPGP001
376,A_Gene440,DTW-K1-001-DPGP006,DTW-K1-001-DPGP006,DTW-K1-001-DPGP006,3,DTW-K1-001-DPGP006
377,A_Gene344,DTW-K1-001-DPGP001,DTW-K1-001-DPGP016,DTW-K1-001-DPGP014,1,
378,B_Gene332,DTW-K1-001-DPGP006,DTW-K1-001-DPGP010,DTW-K1-001-DPGP014,1,
379,B_Gene322,DTW-K1-001-DPGP009,DTW-K1-001-DPGP005,DTW-K1-001-DPGP009,2,DTW-K1-001-DPGP009
380,B_Gene214,DTW-K1-001-DPGP001,DTW-K1-001-DPGP001,DTW-K1-001-DPGP001,3,DTW-K1-001-DPGP001
381,A_Gene409,DTW-K1-001-DPGP006,DTW-K1-001-DPGP012,DTW-K1-001-DPGP006,2,DTW-K1-001-DPGP006
382,A_Gene233,DTW-K1-001-DPGP002,DTW-K1-001-DPGP006,DTW-K1-001-DPGP007,1,
383,A_Gene374,DTW-K1-001-DPGP019,DTW-K1-001-DPGP004,DTW-K1-001-DPGP003,1,
384,B_Gene94,DTW-K1-001-DPGP001,DTW-K1-001-DPGP009,DTW-K1-001-DPGP009,2,DTW-K1-001-DPGP009
385,A_Gene292,DTW-K1-001-DPGP014,DTW-K1-001-DPGP014,DTW-K1-001-DPGP003,2,DTW-K1-001-DPGP014
386,B_Gene370,DTW-K1-001-DPGP018,DTW-K1-001-DPGP017,DTW-K1-001-DPGP011,1,
387,A_Gene168,DTW-K1-001-DPGP001,DTW-K1-001-DPGP013,DTW-K1-001-DPGP001,2,DTW-K1-001-DPGP001
388,A_Gene296,DTW-K1-001-DPGP013,DTW-K1-001-DPGP005,DTW-K1-001-DPGP012,1,
389,B_Gene147,DTW-K1-001-DPGP018,DTW-K1-001-DPGP014,DTW-K1-001-DPGP014,2,DTW-K1-001-DPGP014
390,A_Gene461,DTW-K1-001-DPGP011,DTW-K1-001-DPGP006,DTW-K1-001-DPGP014,1,
391,A_Gene124,DTW-K1-001-DPGP001,DTW-K1-001-DPGP001,DTW-K1-001-DPGP014,2,DTW-K1-001-DPGP001
392,B_Gene366,DTW-K1-001-DPGP007,DTW-K1-001-DPGP001,DTW-K1-001-DPGP003,1,
393,B_Gene385,DTW-K1-001-DPGP001,DTW-K1-001-DPGP001,DTW-K1-001-DPGP016,2,DTW-K1-001-DPGP001
394,A_Gene120,DTW-K1-001-DPGP013,DTW-K1-001-DPGP001,DTW-K1-001-DPGP006,1,
395,B_Gene404,DTW-K1-001-DPGP001,DTW-K1-001-DPGP001,DTW-K1-001-DPGP002,2,DTW-K1-001-DPGP001
396,A_Gene459,DTW-K1-001-DPGP001,DTW-K1-001-DPGP016,DTW-K1-001-DPGP014,1,
397,A_Gene144,DTW-K1-001-DPGP012,DTW-K1-001-DPGP012,DTW-K1-001-DPGP003,2,DTW-K1-001-DPGP012
398,B_Gene459,DTW-K1-001-DPGP001,DTW-K1-001-DPGP001,DTW-K1-001-DPGP018,2,DTW-K1-001-DPGP001
399,B_Gene183,DTW-K1-001-DPGP007,DTW-K1-001-DPGP003,DTW-K1-001-DPGP003,2,DTW-K1-001-DPGP003
400,A_Gene220,DTW-K1-001-DPGP004,DTW-K1-001-DPGP014,DTW-K1-001-DPGP004,2,DTW-K1-001-DPGP004
401,B_Gene231,DTW-K1-001-DPGP015,DTW-K1-001-DPGP018,DTW-K1-001-DPGP004,1,
402,A_Gene402,DTW-K1-001-DPGP012,DTW-K1-001-DPGP016,DTW-K1-001-DPGP016,2,DTW-K1-001-DPGP016
403,B_Gene83,DTW-K1-001-DPGP016,DTW-K1-001-DPGP019,DTW-K1-001-DPGP002,1,
404,A_Gene234,DTW-K1-001-DPGP007,DTW-K1-001-DPGP007,DTW-K1-001-DPGP014,2,DTW-K1-001-DPGP007
405,B_Gene266,DTW-K1-001-DPGP019,DTW-K1-001-DPGP010,DTW-K1-001-DPGP001,1,
406,A_Gene396,DTW-K1-001-DPGP002,DTW-K1-001-DPGP009,DTW-K1-001-DPGP015,1,
407,B_Gene47,DTW-K1-001-DPGP006,DTW-K1-001-DPGP018,DTW-K1-001-DPGP020,1,
408,A_Gene171,DTW-K1-001-DPGP017,DTW-K1-001-DPGP005,DTW-K1-001-DPGP004,1,
409,A_Gene308,DTW-K1-001-DPGP016,DTW-K1-001-DPGP001,DTW-K1-001-DPGP014,1,
410,B_Gene215,DTW-K1-001-DPGP009,DTW-K1-001-DPGP004,DTW-K1-001-DPGP016,1,
411,B_Gene165,DTW-K1-001-DPGP006,DTW-K1-001-DPGP006,DTW-K1-001-DPGP006,3,DTW-K1-001-DPGP006
412,B_Gene128,DTW-K1-001-DPGP008,DTW-K1-001-DPGP016,DTW-K1-001-DPGP001,1,
413,A_Gene156,DTW-K1-001-DPGP001,DTW-K1-001-DPGP001,DTW-K1-001-DPGP001,3,DTW-K1-001-DPGP001
414,B_Gene268,DTW-K1-001-DPGP009,DTW-K1-001-DPGP015,DTW-K1-001-DPGP010,1,
415,A_Gene58,DTW-K1-001-DPGP009,DTW-K1-001-DPGP008,DTW-K1-001-DPGP013,1,
416,B_Gene243,DTW-K1-001-DPGP001,DTW-K1-001-DPGP017,DTW-K1-001-DPGP010,1,
417,A_Gene78,DTW-K1-001-DPGP006,DTW-K1-001-DPGP019,DTW-K1-001-DPGP001,1,
418,A_Gene495,DTW-K1-001-DPGP011,DTW-K1-001-DPGP014,DTW-K1-001-DPGP016,1,
419,A_Gene19,DTW-K1-001-DPGP006,DTW-K1-001-DPGP010,DTW-K1-001-DPGP005,1,
420,A_Gene274,DTW-K1-001-DPGP001,DTW-K1-001-DPGP001,DTW-K1-001-DPGP001,3,DTW-K1-001-DPGP001
421,A_Gene117,DTW-K1-001-DPGP001,DTW-K1-001-DPGP020,DTW-K1-001-DPGP015,1,
422,A_Gene268,DTW-K1-001-DPGP006,DTW-K1-001-DPGP009,DTW-K1-001-DPGP010,1,
423,B_Gene12,DTW-K1-001-DPGP014,DTW-K1-001-DPGP001,DTW-K1-001-DPGP014,2,DTW-K1-001-DPGP014
424,A_Gene35,DTW-K1-001-DPGP017,DTW-K1-001-DPGP008,DTW-K1-001-DPGP003,1,
425,B_Gene334,DTW-K1-001-DPGP006,DTW-K1-001-DPGP006,DTW-K1-001-DPGP008,2,DTW-K1-001-DPGP006
426,A_Gene183,DTW-K1-001-DPGP016,DTW-K1-001-DPGP016,DTW-K1-001-DPGP006,2,DTW-K1-001-DPGP016
427,A_Gene309,DTW-K1-001-DPGP016,DTW-K1-001-DPGP016,DTW-K1-001-DPGP016,3,DTW-K1-001-DPGP016
428,B_Gene34,DTW-K1-001-DPGP018,DTW-K1-001-DPGP012,DTW-K1-001-DPGP006,1,
429,A_Gene401,DTW-K1-001-DPGP003,DTW-K1-001-DPGP006,DTW-K1-001-DPGP006,2,DTW-K1-001-DPGP006
430,A_Gene190,DTW-K1-001-DPGP006,DTW-K1-001-DPGP006,DTW-K1-001-DPGP006,3,DTW-K1-001-DPGP006
431,B_Gene77,DTW-K1-001-DPGP018,DTW-K1-001-DPGP005,DTW-K1-001-DPGP013,1,
432,A_Gene475,DTW-K1-001-DPGP001,DTW-K1-001-DPGP001,DTW-K1-001-DPGP001,3,DTW-K1-001-DPGP001
433,B_Gene359,DTW-K1-001-DPGP012,DTW-K1-001-DPGP012,DTW-K1-001-DPGP017,2,DTW-K1-001-DPGP012
434,B_Gene244,DTW-K1-001-DPGP004,DTW-K1-001-DPGP006,DTW-K1-001-DPGP010,1,
435,A_Gene482,DTW-K1-001-DPGP006,DTW-K1-001-DPGP008,DTW-K1-001-DPGP008,2,DTW-K1-001-DPGP008
436,B_Gene20,DTW-K1-001-DPGP016,DTW-K1-001-DPGP009,DTW-K1-001-DPGP013,1,
437,B_Gene309,DTW-K1-001-DPGP002,DTW-K1-001-DPGP016,DTW-K1-001-DPGP019,1,
438,A_Gene419,DTW-K1-001-DPGP017,DTW-K1-001-DPGP016,DTW-K1-001-DPGP001,1,
439,B_Gene450,DTW-K1-001-DPGP006,DTW-K1-001-DPGP010,DTW-K1-001-DPGP009,1,
440,A_Gene479,DTW-K1-001-DPGP004,DTW-K1-001-DPGP004,DTW-K1-001-DPGP017,2,DTW-K1-001-DPGP004
441,A_Gene332,DTW-K1-001-DPGP003,DTW-K1-001-DPGP008,DTW-K1-001-DPGP003,2,DTW-K1-001-DPGP003
442,A_Gene313,DTW-K1-001-DPGP003,DTW-K1-001-DPGP005,DTW-K1-001-DPGP006,1,
443,B_Gene247,DTW-K1-001-DPGP019,DTW-K1-001-DPGP014,DTW-K1-001-DPGP016,1,
444,B_Gene169,DTW-K1-001-DPGP004,DTW-K1-001-DPGP011,DTW-K1-001-DPGP009,1,
445,A_Gene328,DTW-K1-001-DPGP006,DTW-K1-001-DPGP006,DTW-K1-001-DPGP006,3,DTW-K1-001-DPGP006
446,B_Gene27,DTW-K1-001-DPGP007,DTW-K1-001-DPGP003,DTW-K1-001-DPGP006,1,
447,A_Gene350,DTW-K1-001-DPGP006,DTW-K1-001-DPGP009,DTW-K1-001-DPGP010,1,
448,A_Gene456,DTW-K1-001-DPGP001,DTW-K1-001-DPGP001,DTW-K1-001-DPGP001,3,DTW-K1-001-DPGP001
449,B_Gene417,DTW-K1-001-DPGP013,DTW-K1-001-DPGP017,DTW-K1-001-DPGP010,1,
450,A_Gene97,DTW-K1-001-DPGP009,DTW-K1-001-DPGP006,DTW-K1-001-DPGP010,1,
451,B_Gene490,DTW-K1-001-DPGP015,DTW-K1-001-DPGP018,DTW-K1-001-DPGP014,1,
452,B_Gene79,DTW-K1-001-DPGP019,DTW-K1-001-DPGP002,DTW-K1-001-DPGP016,1,
453,B_Gene280,DTW-K1-001-DPGP018,DTW-K1-001-DPGP016,DTW-K1-001-DPGP006,1,
454,A_Gene336,DTW-K1-001-DPGP006,DTW-K1-001-DPGP006,DTW-K1-001-DPGP006,3,DTW-K1-001-DPGP006
455,A_Gene261,DTW-K1-001-DPGP015,DTW-K1-001-DPGP004,DTW-K1-001-DPGP004,2,DTW-K1-001-DPGP004
456,A_Gene213,DTW-K1-001-DPGP006,DTW-K1-001-DPGP019,DTW-K1-001-DPGP016,1,
457,A_Gene115,DTW-K1-001-DPGP014,DTW-K1-001-DPGP013,DTW-K1-001-DPGP011,1,
458,B_Gene171,DTW-K1-001-DPGP004,DTW-K1-001-DPGP016,DTW-K1-001-DPGP018,1,
459,B_Gene284,DTW-K1-001-DPGP006,DTW-K1-001-DPGP005,DTW-K1-001-DPGP006,2,DTW-K1-001-DPGP006
460,A_Gene228,DTW-K1-001-DPGP001,DTW-K1-001-DPGP001,DTW-K1-001-DPGP001,3,DTW-K1-001-DPGP001
461,A_Gene458,DTW-K1-001-DPGP001,DTW-K1-001-DPGP010,DTW-K1-001-DPGP003,1,
462,A_Gene243,DTW-K1-001-DPGP001,DTW-K1-001-DPGP004,DTW-K1-001-DPGP004,2,DTW-K1-001-DPGP004
463,A_Gene477,DTW-K1-001-DPGP012,DTW-K1-001-DPGP012,DTW-K1-001-DPGP004,2,DTW-K1-001-DPGP012
464,A_Gene294,DTW-K1-001-DPGP014,DTW-K1-001-DPGP014,DTW-K1-001-DPGP014,3,DTW-K1-001-DPGP014
465,A_Gene465,DTW-K1-001-DPGP008,DTW-K1-001-DPGP018,DTW-K1-001-DPGP014,1,
466,A_Gene397,DTW-K1-001-DPGP009,DTW-K1-001-DPGP013,DTW-K1-001-DPGP006,1,
467,A_Gene44,DTW-K1-001-DPGP005,DTW-K1-001-DPGP013,DTW-K1-001-DPGP015,1,
468,B_Gene451,DTW-K1-001-DPGP009,DTW-K1-001-DPGP007,DTW-K1-001-DPGP009,2,DTW-K1-001-DPGP009
469,A_Gene340,DTW-K1-001-DPGP016,DTW-K1-001-DPGP008,DTW-K1-001-DPGP014,1,
470,A_Gene90,DTW-K1-001-DPGP014,DTW-K1-001-DPGP001,DTW-K1-001-DPGP019,1,
471,B_Gene305,DTW-K1-001-DPGP016,DTW-K1-001-DPGP007,DTW-K1-001-DPGP018,1,
472,B_Gene180,DTW-K1-001-DPGP003,DTW-K1-001-DPGP006,DTW-K1-001-DPGP006,2,DTW-K1-001-DPGP006
473,A_Gene260,DTW-K1-001-DPGP006,DTW-K1-001-DPGP007,DTW-K1-001-DPGP007,2,DTW-K1-001-DPGP007
474,A_Gene236,DTW-K1-001-DPGP015,DTW-K1-001-DPGP004,DTW-K1-001-DPGP019,1,
475,B_Gene100,DTW-K1-001-DPGP015,DTW-K1-001-DPGP005,DTW-K1-001-DPGP009,1,
476,B_Gene394,DTW-K1-001-DPGP019,DTW-K1-001-DPGP019,DTW-K1-001-DPGP019,3,DTW-K1-001-DPGP019
477,A_Gene400,DTW-K1-001-DPGP007,DTW-K1-001-DPGP003,DTW-K1-001-DPGP003,2,DTW-K1-001-DPGP003
478,A_Gene431,DTW-K1-001-DPGP008,DTW-K1-001-DPGP011,DTW-K1-001-DPGP003,1,
